Time_sec,OpenLoop_Speed_Omega,ClosedLoop_Speed_Omega,Valve_Position_Xv
0.0,1.0,1.0,1.0
0.10101010101010101,1.0,1.0,1.0
0.20202020202020202,1.0,1.0,1.0
0.30303030303030304,1.0,1.0,1.0
0.40404040404040403,1.0,1.0,1.0
0.5050505050505051,0.9992433799728155,0.7013117862066409,1.0010080631475198
0.6060606060606061,0.9845053822388419,0.7365846220842138,1.02033713413175
0.7070707070707071,0.9704932437610574,0.785238215825729,1.03816570277106
0.8080808080808081,0.9571712153373448,0.8416618971889717,1.0546102520194907
0.9090909090909091,0.9445053084450041,0.9005713974080236,1.0697782223403276
1.0101010101010102,0.9324632085257532,0.9573374207066967,1.0837687136683736
1.1111111111111112,0.9210141925415197,1.008215263872241,1.0966731328793762
1.2121212121212122,0.9101290505906807,1.0504745813591585,1.108575790996856
1.3131313131313131,0.8997800113847715,1.082435717847724,1.1195544540381817
1.4141414141414141,0.889940671395531,1.1034247370665489,1.1296808510988483
1.5151515151515151,0.8805859274915185,1.113663209758952,1.139021142994527
1.6161616161616161,0.8716919128924343,1.1141109816896657,1.147636354522756
1.7171717171717171,0.8632359362777464,1.1062806495661979,1.155582773168459
1.8181818181818181,0.855196423894271,1.0920415527288463,1.16291231685823
1.9191919191919191,0.8475528645150046,1.0734290327731058,1.1696728731661108
2.0202020202020203,0.8402857571087822,1.0524718489529397,1.175908612187055
2.121212121212121,0.8333765610872501,1.0310472978765186,1.181660275122249
2.2222222222222223,0.8268076490022186,1.010770086780143,1.1869654404617491
2.323232323232323,0.8205622615727122,0.9929176274613546,1.1918587695035503
2.4242424242424243,0.8146244649269758,0.9783913775704763,1.1963722328131763
2.525252525252525,0.8089791099503506,0.9677113221473109,1.200535319103372
2.6262626262626263,0.8036117936353008,0.9610387633635266,1.2043752278986104
2.727272727272727,0.7985088223349875,0.9582213127703838,1.2079170472431844
2.8282828282828283,0.7936571768266346,0.9588533468057846,1.2111839176139485
2.929292929292929,0.7890444790955546,0.9623451374529951,1.214197183108623
3.0303030303030303,0.7846589607550909,0.9679943170271746,1.2169765308974585
3.131313131313131,0.7804894330219044,0.9750541686868675,1.2195401198493638
3.2323232323232323,0.776525258170005,0.9827943317083709,1.2219046991728768
3.3333333333333335,0.7727563223906946,0.9905507521037955,1.224085717847118
3.4343434343434343,0.7691730099891847,0.9977629827736517,1.2260974255576982
3.5353535353535355,0.7657661788520503,1.0039981463976702,1.2279529657970387
3.6363636363636362,0.7625271371229344,1.0089619419171194,1.2296644617373802
3.7373737373737375,0.7594476210269948,1.012497947261918,1.2312430954375293
3.8383838383838382,0.7565197737875151,1.0145771151236203,1.2326991809008399
3.9393939393939394,0.7537361255808922,1.01527976466003,1.2340422314617547
4.040404040404041,0.7510895744788573,1.0147725483932575,1.2352810219411765
4.141414141414141,0.7485733683293094,1.0132828437886603,1.2364236459767608
4.242424242424242,0.7461810875295342,1.0110728177457728,1.2374775689026976
4.343434343434343,0.7439066286478555,1.0084150810263104,1.2384496765244728
4.444444444444445,0.7417441888519365,1.0055714328145118,1.2393463201072792
4.545454545454545,0.7396882511039994,1.0027757366419443,1.2401733578720067
4.646464646464646,0.7377335700851937,1.0002215074713745,1.2409361932699303
4.747474747474747,0.7358751588132022,0.9980543594017887,1.2416398102861579
4.848484848484849,0.7341082759189408,0.9963690902730507,1.242288806002498
4.94949494949495,0.7324284135498926,0.9952108812381969,1.2428874206324938
5.05050505050505,0.7308312858692132,0.9945798757533797,1.2434395652248584
5.151515151515151,0.7293128181212643,0.9944382754272647,1.243948847216312
5.252525252525253,0.7278691362356806,0.9947190452428324,1.2444185940007697
5.353535353535354,0.726496556943445,0.9953353480958447,1.2448518746688695
5.454545454545454,0.7251915783797553,0.9961899149955343,1.245251520059877
5.555555555555555,0.723950871149708,0.9971836871254905,1.2456201412569732
5.656565656565657,0.7227712698340059,0.9982232230707503,1.2459601466467662
5.757575757575758,0.7216497649130156,0.999226533280278,1.2462737576544867
5.858585858585858,0.7205834950885734,1.0001271702750234,1.2465630232576677
5.959595959595959,0.7195697399839485,1.000876555625688,1.2468298333731416
6.0606060606060606,0.7186059132033391,1.001444654539054,1.2470759312048103
6.161616161616162,0.7176895557331948,1.0018192102518453,1.2473029246328686
6.262626262626262,0.7168183296685295,1.002003820535875,1.2475122967188892
6.363636363636363,0.7159900122482192,1.002015177356962,1.247705415395406
6.4646464646464645,0.7152024901840657,1.0018798002654816,1.2478835424033008
6.565656565656566,0.7144537542691598,1.0016305783504011,1.2480478415353886
6.666666666666667,0.7137418942517865,1.0013033996827636,1.2481993862400562
6.767676767676767,0.713065093961796,1.000934096872195,1.248339166634639
6.8686868686868685,0.7124216266770039,1.000555878550695,1.248468095974351
6.96969696969697,0.7118098507178011,1.0001973548538192,1.2485870166190398
7.070707070707071,0.7112282052587326,0.9998812051943912,1.2486967055367428
7.171717171717171,0.7106752063463595,0.9996234828067444,1.248797879380009
7.2727272727272725,0.710149443113246,0.9994335056109349,1.2488911991681482
7.373737373737374,0.7096495741784087,0.9993142487354082,1.2489772746060002
7.474747474747475,0.7091743242250492,0.9992631313128539,1.2490566680674429
7.575757575757575,0.708722480746835,0.9992730787493402,1.2491298982696597
7.6767676767676765,0.7082928909544286,0.9993337405979155,1.2491974436621807
7.777777777777778,0.7078844588343746,0.9994327518892105,1.2492597455528307
7.878787878787879,0.7074961423528364,0.999556940340843,1.2493172109910156
7.979797979797979,0.7071269507970543,0.9996934011562494,1.2493702154271782
8.080808080808081,0.7067759422477369,0.9998303829999362,1.2494191051658048
8.181818181818182,0.7064422211759398,0.9999579512182992,1.249464199628005
8.282828282828282,0.7061249361583017,1.0000684157505209,1.2495057934384497
8.383838383838384,0.7058232777048048,1.0001565300797977,1.249544158350301
8.484848484848484,0.7055364761935217,1.00021948304116,1.2495795450207128
8.585858585858587,0.7052637999070763,1.000256716758748,1.2496121846484978
8.686868686868687,0.7050045531658129,1.00026961124119,1.2496422904846656
8.787878787878787,0.7047580745529061,1.0002610793596638,1.249670059225698
8.88888888888889,0.7045237352268858,1.0002351154799722,1.249695672298666
8.98989898989899,0.7043009373172746,1.0001963375259504,1.2497192970465834
9.09090909090909,0.7040891123992373,1.0001495564477976,1.2497410878217412
9.191919191919192,0.7038877200433583,1.0000993997373848,1.2497611869941703
9.292929292929292,0.7036962464368426,1.0000500075415906,1.2497797258818146
9.393939393939394,0.703514203072624,1.0000048117760605,1.2497968256084973
9.494949494949495,0.7033411255030357,0.9999664010306487,1.2498125978952837
9.595959595959595,0.7031765721548644,0.9999364674467982,1.2498271457904102
9.696969696969697,0.7030201232027624,0.9999158264539695,1.24984056434255
9.797979797979798,0.7028713794981476,0.9999044964496716,1.2498529412218147
9.8989898989899,0.7027299615508535,0.9999018232340385,1.249864357292545
10.0,0.7025955085609361,0.9999066331874756,1.2498748871416399
